{
   "Date":["3/5/15","3/9/15","3/16/15","3/23/15","3/30/15","4/6/15","4/13/15","4/20/15","4/27/15","5/4/15","5/11/15","5/18/15","5/26/15","6/1/15","6/8/15","6/15/15","6/22/15","6/29/15","7/6/15","7/13/15","7/20/15","7/27/15","8/3/15","8/10/15","8/17/15","8/24/15","8/31/15","9/8/15","9/14/15","9/21/15","9/28/15","10/5/15","10/12/15","10/19/15","10/26/15","11/2/15","11/9/15","11/16/15","11/23/15","11/30/15","12/7/15","12/14/15","12/21/15","12/28/15","1/4/16","1/11/16","1/19/16","1/25/16","2/1/16","2/8/16","2/16/16","2/22/16","2/29/16"],
   "Close":[380.089996,370.579987,378.48999,370.559998,372.25,382.649994,375.559998,445.100006,422.869995,433.690002,426,427.630005,429.230011,426.950012,429.920013,434.920013,438.100006,437.709991,443.51001,483.01001,529.419983,536.150024,522.619995,531.52002,494.470001,518.01001,499,529.440002,540.26001,524.25,532.539978,539.799988,570.76001,599.030029,625.900024,659.369995,642.349976,668.450012,673.26001,672.640015,640.150024,664.140015,662.789978,675.890015,607.049988,570.179993,596.380005,587,502.130005,507.079987,534.900024,555.22998,575.140015],
   "Volume":[2.6602,2.6698,2.5449,2.6873,2.1651,2.5215,2.4662,7.6582,4.0813,2.6708,2.4933,2.6385,2.3509,2.2137,2.322,2.8813,2.5102,2.1701,2.4825,4.1416,8.4666,4.657,3.3255,2.8289,3.6183,6.1993,3.2832,3.4963,3.7157,3.3789,4.4526,3.9929,3.6902,6.1074,3.9506,3.9439,4.6942,4.9654,3.3964,4.792,4.2718,4.6821,2.4169,4.1823,6.5817,6.4235,5.6903,8.0775,7.6896,7.2661,4.8758,5.0306,3.9493]
}