{
   "Date":["3/5/15","3/9/15","3/16/15","3/23/15","3/30/15","4/6/15","4/13/15","4/20/15","4/27/15","5/4/15","5/11/15","5/18/15","5/26/15","6/1/15","6/8/15","6/15/15","6/22/15","6/29/15","7/6/15","7/13/15","7/20/15","7/27/15","8/3/15","8/10/15","8/17/15","8/24/15","8/31/15","9/8/15","9/14/15","9/21/15","9/28/15","10/5/15","10/12/15","10/19/15","10/26/15","11/2/15","11/9/15","11/16/15","11/23/15","11/30/15","12/7/15","12/14/15","12/21/15","12/28/15","1/4/16","1/11/16","1/19/16","1/25/16","2/1/16","2/8/16","2/16/16","2/22/16","2/29/16"],
   "Close":[126.599998,123.589996,125.900002,123.25,125.32,127.099998,124.75,130.279999,128.949997,127.620003,128.770004,132.539993,130.279999,128.649994,127.169998,126.599998,126.75,126.440002,123.279999,129.619995,124.5,121.300003,115.519997,115.959999,105.760002,113.290001,109.269997,114.209999,113.449997,114.709999,110.379997,112.120003,111.040001,119.080002,119.5,121.059998,112.339996,119.300003,117.809998,119.029999,113.18,106.029999,108.029999,105.260002,96.959999,97.129997,101.419998,97.339996,94.019997,93.989998,96.040001,96.910004,103.010002],
   "Volume":[64.6796,65.3028,53.3345,41.8652,40.5079,36.4415,34.2372,41.4881,84.1944,54.3784,41.6603,43.4594,49.5371,34.1493,44.0229,39.705,39.1188,37.7454,54.9889,37.8489,68.8538,38.3197,77.0001,68.9434,63.9336,100.0726,59.6388,63.1656,55.4552,48.5392,62.7792,52.4866,36.7777,44.3086,64.4724,39.0406,43.311,37.9962,27.4301,41.3531,37.7708,62.9522,31.6585,30.9403,68.758,60.8674,60.846,76.0673,43.4309,46.0811,41.2152,31.6395,40.1688]
}