{
   "Date":["3/5/15","3/9/15","3/16/15","3/23/15","3/30/15","4/6/15","4/13/15","4/20/15","4/27/15","5/4/15","5/11/15","5/18/15","5/26/15","6/1/15","6/8/15","6/15/15","6/22/15","6/29/15","7/6/15","7/13/15","7/20/15","7/27/15","8/3/15","8/10/15","8/17/15","8/24/15","8/31/15","9/8/15","9/14/15","9/21/15","9/28/15","10/5/15","10/12/15","10/19/15","10/26/15","11/2/15","11/9/15","11/16/15","11/23/15","11/30/15","12/7/15","12/14/15","12/21/15","12/28/15","1/4/16","1/11/16","1/19/16","1/25/16","2/1/16","2/8/16","2/16/16","2/22/16","2/29/16"],
   "Close":[80.010002,78.050003,83.800003,83.300003,81.559998,82.040001,80.779999,81.529999,78.989998,78.510002,80.419998,80.540001,79.190002,82.139999,81.529999,82.510002,88.010002,87.290001,87.949997,94.970001,96.949997,94.010002,94.300003,94.419998,86.059998,91.010002,88.260002,92.050003,94.400002,92.769997,92.07,93.239998,97.540001,102.190002,101.970001,107.099998,103.949997,107.32,105.449997,106.18,102.120003,104.040001,105.019997,104.660004,97.330002,94.970001,97.940002,112.209999,104.07,102.010002,104.57,107.919998,108.389999],
   "Volume":[26.1571,19.3717,32.9907,29.7074,21.496,16.7907,21.3508,40.981,25.7574,21.0718,27.6359,19.1193,14.6497,21.1648,17.0037,20.1969,37.3875,25.3399,25.7296,32.6593,37.0954,54.238,28.9525,20.9094,34.2441,51.3007,30.1031,26.7965,29.09,29.0895,37.3632,24.2427,22.0307,29.1462,25.5284,37.4065,25.535,29.5206,16.1312,22.2264,20.5185,25.0686,14.0422,15.3923,33.2126,37.1203,37.6008,55.342,55.501,51.6143,37.7899,30.29,26.1572]
}